{
	"easycom": {
		"^u-(.*)": "uview-ui/components/u-$1/u-$1.vue"
	},
	"pages": [

		{
			"path": "pages/index/index",
			"style": {
				"enablePullDownRefresh": true,
				"navigationStyle": "default",
				"navigationBarTitleText": "首页"
			}
		},
		{
			"path": "pages/product/product",
			"style": {
				"navigationBarTitleText": "详情展示",
				"enablePullDownRefresh": true,
				"app-plus": {
					"titleNView": {
						"type": "transparent"
					}
				}
			}
		}, {
			"path": "pages/set/set",
			"style": {
				"navigationBarTitleText": "设置"
			}
		},
		{
			"path": "pages/userinfo/userinfo",
			"style": {
				"navigationBarTitleText": "修改资料"
			}
		}, {
			"path": "pages/cart/cart",
			"style": {
				"enablePullDownRefresh": true,
				"navigationBarTitleText": "购物车"
			}
		}, {
			"path": "pages/public/login",
			"style": {
				"navigationBarTitleText": "",
				"navigationStyle": "custom",
				"app-plus": {
					"titleNView": false,
					"animationType": "slide-in-bottom"
				}
			}
		}, {
			"path": "pages/public/register",
			"style": {
				"navigationBarTitleText": "",
				"navigationStyle": "custom",
				"app-plus": {
					"titleNView": false,
					"animationType": "slide-in-bottom"
				}
			}
		}, {
			"path": "pages/user/user",
			"style": {
				"navigationBarTitleText": "我的",
				// #ifdef MP
				"navigationStyle": "custom",
				// #endif
				"app-plus": {
					"bounce": "none",
					"titleNView": {
						"type": "transparent"
					}
				}
			}
		}, {
			"path": "pages/order/order",
			"style": {
				"navigationBarTitleText": "我的订单",
				"enablePullDownRefresh": true,
				"app-plus": {
					"bounce": "none"
				}
			}
		}, {
			"path": "pages/order/express",
			"style": {
				"navigationBarTitleText": "查看物流",
				"enablePullDownRefresh": true,
				"app-plus": {
					"bounce": "none"
				}
			}
		},
		{
			"path": "pages/order/orderDetail",
			"style": {
				"enablePullDownRefresh": true,
				"navigationBarTitleText": "订单详情",
				"app-plus": {
					"bounce": "none",
					"titleNView": {
						"type": "transparent"
					}
				}
			}
		}, {
			"path": "pages/money/money",
			"style": {}
		}, {
			"path": "pages/order/createOrder",
			"style": {
				"navigationBarTitleText": "创建订单"
			}
		}, {
			"path": "pages/address/address",
			"style": {
				"navigationBarTitleText": "收货地址"
			}
		}, {
			"path": "pages/address/addressManage",
			"style": {
				"navigationBarTitleText": ""
			}
		}, {
			"path": "pages/money/pay",
			"style": {
				"navigationBarTitleText": "支付"
			}
		},
		{
			"path": "pages/money/paySuccess",
			"style": {
				"navigationBarTitleText": "支付成功"
			}
		}, {
			"path": "pages/notice/notice",
			"style": {
				"navigationBarTitleText": "通知"
			}
		}, {
			"path": "pages/category/category",
			"style": {
				"navigationBarTitleText": "分类",
				"enablePullDownRefresh": true,
				"app-plus": {
					"bounce": "none"
				}
			}
		}, {
			"path": "pages/product/list",
			"style": {
				"enablePullDownRefresh": true,
				"navigationBarTitleText": "商品列表"
			}
		}, {
			"path": "pages/flash/list",
			"style": {
				"enablePullDownRefresh": true,
				"navigationBarTitleText": "限时秒杀"
			}
		},
		{
			"path": "pages/favorite/favorite",
			"style": {
				"enablePullDownRefresh": true,
				"navigationBarTitleText": "我的收藏"
			}
		},
		{
			"path": "pages/public/webview",
			"style": {
				"enablePullDownRefresh": true,
				"navigationBarTitleText": "物流"
			}
		},
		{
			"path": "pages/order/evaluate",
			"style": {
				"enablePullDownRefresh": true,
				"navigationBarTitleText": "发表评论"
			}
		},
		{
			"path": "pages/order/refund",
			"style": {
				"enablePullDownRefresh": true,
				"navigationBarTitleText": "申请售后"
			}
		},
		{
			"path": "pages/product/evaluate",
			"style": {
				"enablePullDownRefresh": true,
				"navigationBarTitleText": "评价"
			}
		},
		{
			"path": "pages/order/delivery",
			"style": {
				"enablePullDownRefresh": false,
				"navigationBarTitleText": "运费模板"
			}
		},
		{
			"path": "pages/business/index",
			"style": {
				"enablePullDownRefresh": true,
				"navigationBarTitleText": "店铺",
				"app-plus": {
					"bounce": "none",
					"titleNView": {
						"type": "transparent"
					}
				}
			}
		}
	],
	"globalStyle": {
		"navigationBarTextStyle": "black",
		"navigationBarTitleText": "uni-app",
		"navigationBarBackgroundColor": "#FFFFFF",
		"backgroundColor": "#f8f8f8"
	}
}
